sjis_hex,glyph_index,sjis_char,kor_char
0x889f,872,亜,가
0x88a0,873,唖,각
0x88a1,874,娃,간
0x88a2,875,阿,갇
0x88a3,876,哀,갈
0x88a4,877,愛,갉
0x88a5,878,挨,갊
0x88a6,879,姶,감
0x88a7,880,逢,갑
0x88a8,881,葵,값
0x88a9,882,茜,갓
0x88aa,883,穐,갔
0x88ab,884,悪,강
0x88ac,885,握,갖
0x88ad,886,渥,갗
0x88ae,887,旭,같
0x88af,888,葦,갚
0x88b0,889,芦,갛
0x88b1,890,鯵,개
0x88b2,891,梓,객
0x88b3,892,圧,갠
0x88b4,893,斡,갤
0x88b5,894,扱,갬
0x88b6,895,宛,갭
0x88b7,896,姐,갯
0x88b8,897,虻,갰
0x88b9,898,飴,갱
0x88ba,899,絢,갸
0x88bb,900,綾,갹
0x88bc,901,鮎,갼
0x88bd,902,或,걀
0x88be,903,粟,걋
0x88bf,904,袷,걍
0x88c0,905,安,걔
0x88c1,906,庵,걘
0x88c2,907,按,걜
0x88c3,908,暗,거
0x88c4,909,案,걱
0x88c5,910,闇,건
0x88c6,911,鞍,걷
0x88c7,912,杏,걸
0x88c8,913,以,걺
0x88c9,914,伊,검
0x88ca,915,位,겁
0x88cb,916,依,것
0x88cc,917,偉,겄
0x88cd,918,囲,겅
0x88ce,919,夷,겆
0x88cf,920,委,겉
0x88d0,921,威,겊
0x88d1,922,尉,겋
0x88d2,923,惟,게
0x88d3,924,意,겐
0x88d4,925,慰,겔
0x88d5,926,易,겜
0x88d6,927,椅,겝
0x88d7,928,為,겟
0x88d8,929,畏,겠
0x88d9,930,異,겡
0x88da,931,移,겨
0x88db,932,維,격
0x88dc,933,緯,겪
0x88dd,934,胃,견
0x88de,935,萎,겯
0x88df,936,衣,결
0x88e0,937,謂,겸
0x88e1,938,違,겹
0x88e2,939,遺,겻
0x88e3,940,医,겼
0x88e4,941,井,경
0x88e5,942,亥,곁
0x88e6,943,域,계
0x88e7,944,育,곈
0x88e8,945,郁,곌
0x88e9,946,磯,곕
0x88ea,947,一,곗
0x88eb,948,壱,고
0x88ec,949,溢,곡
0x88ed,950,逸,곤
0x88ee,951,稲,곧
0x88ef,952,茨,골
0x88f0,953,芋,곪
0x88f1,954,鰯,곬
0x88f2,955,允,곯
0x88f3,956,印,곰
0x88f4,957,咽,곱
0x88f5,958,員,곳
0x88f6,959,因,공
0x88f7,960,姻,곶
0x88f8,961,引,과
0x88f9,962,飲,곽
0x88fa,963,淫,관
0x88fb,964,胤,괄
0x88fc,965,蔭,괆
0x8940,966,院,괌
0x8941,967,陰,괍
0x8942,968,隠,괏
0x8943,969,韻,광
0x8944,970,吋,괘
0x8945,971,右,괜
0x8946,972,宇,괠
0x8947,973,烏,괩
0x8948,974,羽,괬
0x8949,975,迂,괭
0x894a,976,雨,괴
0x894b,977,卯,괵
0x894c,978,鵜,괸
0x894d,979,窺,괼
0x894e,980,丑,굄
0x894f,981,碓,굅
0x8950,982,臼,굇
0x8951,983,渦,굉
0x8952,984,嘘,교
0x8953,985,唄,굔
0x8954,986,欝,굘
0x8955,987,蔚,굡
0x8956,988,鰻,굣
0x8957,989,姥,구
0x8958,990,厩,국
0x8959,991,浦,군
0x895a,992,瓜,굳
0x895b,993,閏,굴
0x895c,994,噂,굵
0x895d,995,云,굶
0x895e,996,運,굻
0x895f,997,雲,굼
0x8960,998,荏,굽
0x8961,999,餌,굿
0x8962,1000,叡,궁
0x8963,1001,営,궂
0x8964,1002,嬰,궈
0x8965,1003,影,궉
0x8966,1004,映,권
0x8967,1005,曳,궐
0x8968,1006,栄,궜
0x8969,1007,永,궝
0x896a,1008,泳,궤
0x896b,1009,洩,궷
0x896c,1010,瑛,귀
0x896d,1011,盈,귁
0x896e,1012,穎,귄
0x896f,1013,頴,귈
0x8970,1014,英,귐
0x8971,1015,衛,귑
0x8972,1016,詠,귓
0x8973,1017,鋭,규
0x8974,1018,液,균
0x8975,1019,疫,귤
0x8976,1020,益,그
0x8977,1021,駅,극
0x8978,1022,悦,근
0x8979,1023,謁,귿
0x897a,1024,越,글
0x897b,1025,閲,긁
0x897c,1026,榎,금
0x897d,1027,厭,급
0x897e,1028,円,긋
0x8980,1029,園,긍
0x8981,1030,堰,긔
0x8982,1031,奄,기
0x8983,1032,宴,긱
0x8984,1033,延,긴
0x8985,1034,怨,긷
0x8986,1035,掩,길
0x8987,1036,援,긺
0x8988,1037,沿,김
0x8989,1038,演,깁
0x898a,1039,炎,깃
0x898b,1040,焔,깅
0x898c,1041,煙,깆
0x898d,1042,燕,깊
0x898e,1043,猿,까
0x898f,1044,縁,깍
0x8990,1045,艶,깎
0x8991,1046,苑,깐
0x8992,1047,薗,깔
0x8993,1048,遠,깖
0x8994,1049,鉛,깜
0x8995,1050,鴛,깝
0x8996,1051,塩,깟
0x8997,1052,於,깠
0x8998,1053,汚,깡
0x8999,1054,甥,깥
0x899a,1055,凹,깨
0x899b,1056,央,깩
0x899c,1057,奥,깬
0x899d,1058,往,깰
0x899e,1059,応,깸
0x899f,1060,押,깹
0x89a0,1061,旺,깻
0x89a1,1062,横,깼
0x89a2,1063,欧,깽
0x89a3,1064,殴,꺄
0x89a4,1065,王,꺅
0x89a5,1066,翁,꺌
0x89a6,1067,襖,꺼
0x89a7,1068,鴬,꺽
0x89a8,1069,鴎,꺾
0x89a9,1070,黄,껀
0x89aa,1071,岡,껄
0x89ab,1072,沖,껌
0x89ac,1073,荻,껍
0x89ad,1074,億,껏
0x89ae,1075,屋,껐
0x89af,1076,憶,껑
0x89b0,1077,臆,께
0x89b1,1078,桶,껙
0x89b2,1079,牡,껜
0x89b3,1080,乙,껨
0x89b4,1081,俺,껫
0x89b5,1082,卸,껭
0x89b6,1083,恩,껴
0x89b7,1084,温,껸
0x89b8,1085,穏,껼
0x89b9,1086,音,꼇
0x89ba,1087,下,꼈
0x89bb,1088,化,꼍
0x89bc,1089,仮,꼐
0x89bd,1090,何,꼬
0x89be,1091,伽,꼭
0x89bf,1092,価,꼰
0x89c0,1093,佳,꼲
0x89c1,1094,加,꼴
0x89c2,1095,可,꼼
0x89c3,1096,嘉,꼽
0x89c4,1097,夏,꼿
0x89c5,1098,嫁,꽁
0x89c6,1099,家,꽂
0x89c7,1100,寡,꽃
0x89c8,1101,科,꽈
0x89c9,1102,暇,꽉
0x89ca,1103,果,꽐
0x89cb,1104,架,꽜
0x89cc,1105,歌,꽝
0x89cd,1106,河,꽤
0x89ce,1107,火,꽥
0x89cf,1108,珂,꽹
0x89d0,1109,禍,꾀
0x89d1,1110,禾,꾄
0x89d2,1111,稼,꾈
0x89d3,1112,箇,꾐
0x89d4,1113,花,꾑
0x89d5,1114,苛,꾕
0x89d6,1115,茄,꾜
0x89d7,1116,荷,꾸
0x89d8,1117,華,꾹
0x89d9,1118,菓,꾼
0x89da,1119,蝦,꿀
0x89db,1120,課,꿇
0x89dc,1121,嘩,꿈
0x89dd,1122,貨,꿉
0x89de,1123,迦,꿋
0x89df,1124,過,꿍
0x89e0,1125,霞,꿎
0x89e1,1126,蚊,꿔
0x89e2,1127,俄,꿜
0x89e3,1128,峨,꿨
0x89e4,1129,我,꿩
0x89e5,1130,牙,꿰
0x89e6,1131,画,꿱
0x89e7,1132,臥,꿴
0x89e8,1133,芽,꿸
0x89e9,1134,蛾,뀀
0x89ea,1135,賀,뀁
0x89eb,1136,雅,뀄
0x89ec,1137,餓,뀌
0x89ed,1138,駕,뀐
0x89ee,1139,介,뀔
0x89ef,1140,会,뀜
0x89f0,1141,解,뀝
0x89f1,1142,回,뀨
0x89f2,1143,塊,끄
0x89f3,1144,壊,끅
0x89f4,1145,廻,끈
0x89f5,1146,快,끊
0x89f6,1147,怪,끌
0x89f7,1148,悔,끎
0x89f8,1149,恢,끓
0x89f9,1150,懐,끔
0x89fa,1151,戒,끕
0x89fb,1152,拐,끗
0x89fc,1153,改,끙
0x8a40,1154,魁,끝
0x8a41,1155,晦,끼
0x8a42,1156,械,끽
0x8a43,1157,海,낀
0x8a44,1158,灰,낄
0x8a45,1159,界,낌
0x8a46,1160,皆,낍
0x8a47,1161,絵,낏
0x8a48,1162,芥,낑
0x8a49,1163,蟹,나
0x8a4a,1164,開,낙
0x8a4b,1165,階,낚
0x8a4c,1166,貝,난
0x8a4d,1167,凱,낟
0x8a4e,1168,劾,날
0x8a4f,1169,外,낡
0x8a50,1170,咳,낢
0x8a51,1171,害,남
0x8a52,1172,崖,납
0x8a53,1173,慨,낫
0x8a54,1174,概,났
0x8a55,1175,涯,낭
0x8a56,1176,碍,낮
0x8a57,1177,蓋,낯
0x8a58,1178,街,낱
0x8a59,1179,該,낳
0x8a5a,1180,鎧,내
0x8a5b,1181,骸,낵
0x8a5c,1182,浬,낸
0x8a5d,1183,馨,낼
0x8a5e,1184,蛙,냄
0x8a5f,1185,垣,냅
0x8a60,1186,柿,냇
0x8a61,1187,蛎,냈
0x8a62,1188,鈎,냉
0x8a63,1189,劃,냐
0x8a64,1190,嚇,냑
0x8a65,1191,各,냔
0x8a66,1192,廓,냘
0x8a67,1193,拡,냠
0x8a68,1194,撹,냥
0x8a69,1195,格,너
0x8a6a,1196,核,넉
0x8a6b,1197,殻,넋
0x8a6c,1198,獲,넌
0x8a6d,1199,確,널
0x8a6e,1200,穫,넒
0x8a6f,1201,覚,넓
0x8a70,1202,角,넘
0x8a71,1203,赫,넙
0x8a72,1204,較,넛
0x8a73,1205,郭,넜
0x8a74,1206,閣,넝
0x8a75,1207,隔,넣
0x8a76,1208,革,네
0x8a77,1209,学,넥
0x8a78,1210,岳,넨
0x8a79,1211,楽,넬
0x8a7a,1212,額,넴
0x8a7b,1213,顎,넵
0x8a7c,1214,掛,넷
0x8a7d,1215,笠,넸
0x8a7e,1216,樫,넹
0x8a80,1217,橿,녀
0x8a81,1218,梶,녁
0x8a82,1219,鰍,년
0x8a83,1220,潟,녈
0x8a84,1221,割,념
0x8a85,1222,喝,녑
0x8a86,1223,恰,녔
0x8a87,1224,括,녕
0x8a88,1225,活,녘
0x8a89,1226,渇,녜
0x8a8a,1227,滑,녠
0x8a8b,1228,葛,노
0x8a8c,1229,褐,녹
0x8a8d,1230,轄,논
0x8a8e,1231,且,놀
0x8a8f,1232,鰹,놂
0x8a90,1233,叶,놈
0x8a91,1234,椛,놉
0x8a92,1235,樺,놋
0x8a93,1236,鞄,농
0x8a94,1237,株,높
0x8a95,1238,兜,놓
0x8a96,1239,竃,놔
0x8a97,1240,蒲,놘
0x8a98,1241,釜,놜
0x8a99,1242,鎌,놨
0x8a9a,1243,噛,뇌
0x8a9b,1244,鴨,뇐
0x8a9c,1245,栢,뇔
0x8a9d,1246,茅,뇜
0x8a9e,1247,萱,뇝
0x8a9f,1248,粥,뇟
0x8aa0,1249,刈,뇨
0x8aa1,1250,苅,뇩
0x8aa2,1251,瓦,뇬
0x8aa3,1252,乾,뇰
0x8aa4,1253,侃,뇹
0x8aa5,1254,冠,뇻
0x8aa6,1255,寒,뇽
0x8aa7,1256,刊,누
0x8aa8,1257,勘,눅
0x8aa9,1258,勧,눈
0x8aaa,1259,巻,눋
0x8aab,1260,喚,눌
0x8aac,1261,堪,눔
0x8aad,1262,姦,눕
0x8aae,1263,完,눗
0x8aaf,1264,官,눙
0x8ab0,1265,寛,눠
0x8ab1,1266,干,눴
0x8ab2,1267,幹,눼
0x8ab3,1268,患,뉘
0x8ab4,1269,感,뉜
0x8ab5,1270,慣,뉠
0x8ab6,1271,憾,뉨
0x8ab7,1272,換,뉩
0x8ab8,1273,敢,뉴
0x8ab9,1274,柑,뉵
0x8aba,1275,桓,뉼
0x8abb,1276,棺,늄
0x8abc,1277,款,늅
0x8abd,1278,歓,늉
0x8abe,1279,汗,느
0x8abf,1280,漢,늑
0x8ac0,1281,澗,는
0x8ac1,1282,潅,늘
0x8ac2,1283,環,늙
0x8ac3,1284,甘,늚
0x8ac4,1285,監,늠
0x8ac5,1286,看,늡
0x8ac6,1287,竿,늣
0x8ac7,1288,管,능
0x8ac8,1289,簡,늦
0x8ac9,1290,緩,늪
0x8aca,1291,缶,늬
0x8acb,1292,翰,늰
0x8acc,1293,肝,늴
0x8acd,1294,艦,니
0x8ace,1295,莞,닉
0x8acf,1296,観,닌
0x8ad0,1297,諌,닐
0x8ad1,1298,貫,닒
0x8ad2,1299,還,님
0x8ad3,1300,鑑,닙
0x8ad4,1301,間,닛
0x8ad5,1302,閑,닝
0x8ad6,1303,関,닢
0x8ad7,1304,陥,다
0x8ad8,1305,韓,닥
0x8ad9,1306,館,닦
0x8ada,1307,舘,단
0x8adb,1308,丸,닫
0x8adc,1309,含,달
0x8add,1310,岸,닭
0x8ade,1311,巌,닮
0x8adf,1312,玩,닯
0x8ae0,1313,癌,닳
0x8ae1,1314,眼,담
0x8ae2,1315,岩,답
0x8ae3,1316,翫,닷
0x8ae4,1317,贋,닸
0x8ae5,1318,雁,당
0x8ae6,1319,頑,닺
0x8ae7,1320,顔,닻
0x8ae8,1321,願,닿
0x8ae9,1322,企,대
0x8aea,1323,伎,댁
0x8aeb,1324,危,댄
0x8aec,1325,喜,댈
0x8aed,1326,器,댐
0x8aee,1327,基,댑
0x8aef,1328,奇,댓
0x8af0,1329,嬉,댔
0x8af1,1330,寄,댕
0x8af2,1331,岐,댜
0x8af3,1332,希,더
0x8af4,1333,幾,덕
0x8af5,1334,忌,덖
0x8af6,1335,揮,던
0x8af7,1336,机,덛
0x8af8,1337,旗,덜
0x8af9,1338,既,덞
0x8afa,1339,期,덟
0x8afb,1340,棋,덤
0x8afc,1341,棄,덥
0x8b40,1342,機,덧
0x8b41,1343,帰,덩
0x8b42,1344,毅,덫
0x8b43,1345,気,덮
0x8b44,1346,汽,데
0x8b45,1347,畿,덱
0x8b46,1348,祈,덴
0x8b47,1349,季,델
0x8b48,1350,稀,뎀
0x8b49,1351,紀,뎁
0x8b4a,1352,徽,뎃
0x8b4b,1353,規,뎄
0x8b4c,1354,記,뎅
0x8b4d,1355,貴,뎌
0x8b4e,1356,起,뎐
0x8b4f,1357,軌,뎔
0x8b50,1358,輝,뎠
0x8b51,1359,飢,뎡
0x8b52,1360,騎,뎨
0x8b53,1361,鬼,뎬
0x8b54,1362,亀,도
0x8b55,1363,偽,독
0x8b56,1364,儀,돈
0x8b57,1365,妓,돋
0x8b58,1366,宜,돌
0x8b59,1367,戯,돎
0x8b5a,1368,技,돐
0x8b5b,1369,擬,돔
0x8b5c,1370,欺,돕
0x8b5d,1371,犠,돗
0x8b5e,1372,疑,동
0x8b5f,1373,祇,돛
0x8b60,1374,義,돝
0x8b61,1375,蟻,돠
0x8b62,1376,誼,돤
0x8b63,1377,議,돨
0x8b64,1378,掬,돼
0x8b65,1379,菊,됐
0x8b66,1380,鞠,되
0x8b67,1381,吉,된
0x8b68,1382,吃,될
0x8b69,1383,喫,됨
0x8b6a,1384,桔,됩
0x8b6b,1385,橘,됫
0x8b6c,1386,詰,됴
0x8b6d,1387,砧,두
0x8b6e,1388,杵,둑
0x8b6f,1389,黍,둔
0x8b70,1390,却,둘
0x8b71,1391,客,둠
0x8b72,1392,脚,둡
0x8b73,1393,虐,둣
0x8b74,1394,逆,둥
0x8b75,1395,丘,둬
0x8b76,1396,久,뒀
0x8b77,1397,仇,뒈
0x8b78,1398,休,뒝
0x8b79,1399,及,뒤
0x8b7a,1400,吸,뒨
0x8b7b,1401,宮,뒬
0x8b7c,1402,弓,뒵
0x8b7d,1403,急,뒷
0x8b7e,1404,救,뒹
0x8b80,1405,朽,듀
0x8b81,1406,求,듄
0x8b82,1407,汲,듈
0x8b83,1408,泣,듐
0x8b84,1409,灸,듕
0x8b85,1410,球,드
0x8b86,1411,究,득
0x8b87,1412,窮,든
0x8b88,1413,笈,듣
0x8b89,1414,級,들
0x8b8a,1415,糾,듦
0x8b8b,1416,給,듬
0x8b8c,1417,旧,듭
0x8b8d,1418,牛,듯
0x8b8e,1419,去,등
0x8b8f,1420,居,듸
0x8b90,1421,巨,디
0x8b91,1422,拒,딕
0x8b92,1423,拠,딘
0x8b93,1424,挙,딛
0x8b94,1425,渠,딜
0x8b95,1426,虚,딤
0x8b96,1427,許,딥
0x8b97,1428,距,딧
0x8b98,1429,鋸,딨
0x8b99,1430,漁,딩
0x8b9a,1431,禦,딪
0x8b9b,1432,魚,따
0x8b9c,1433,亨,딱
0x8b9d,1434,享,딴
0x8b9e,1435,京,딸
0x8b9f,1436,供,땀
0x8ba0,1437,侠,땁
0x8ba1,1438,僑,땃
0x8ba2,1439,兇,땄
0x8ba3,1440,競,땅
0x8ba4,1441,共,땋
0x8ba5,1442,凶,때
0x8ba6,1443,協,땍
0x8ba7,1444,匡,땐
0x8ba8,1445,卿,땔
0x8ba9,1446,叫,땜
0x8baa,1447,喬,땝
0x8bab,1448,境,땟
0x8bac,1449,峡,땠
0x8bad,1450,強,땡
0x8bae,1451,彊,떠
0x8baf,1452,怯,떡
0x8bb0,1453,恐,떤
0x8bb1,1454,恭,떨
0x8bb2,1455,挟,떪
0x8bb3,1456,教,떫
0x8bb4,1457,橋,떰
0x8bb5,1458,況,떱
0x8bb6,1459,狂,떳
0x8bb7,1460,狭,떴
0x8bb8,1461,矯,떵
0x8bb9,1462,胸,떻
0x8bba,1463,脅,떼
0x8bbb,1464,興,떽
0x8bbc,1465,蕎,뗀
0x8bbd,1466,郷,뗄
0x8bbe,1467,鏡,뗌
0x8bbf,1468,響,뗍
0x8bc0,1469,饗,뗏
0x8bc1,1470,驚,뗐
0x8bc2,1471,仰,뗑
0x8bc3,1472,凝,뗘
0x8bc4,1473,尭,뗬
0x8bc5,1474,暁,또
0x8bc6,1475,業,똑
0x8bc7,1476,局,똔
0x8bc8,1477,曲,똘
0x8bc9,1478,極,똥
0x8bca,1479,玉,똬
0x8bcb,1480,桐,똴
0x8bcc,1481,粁,뙈
0x8bcd,1482,僅,뙤
0x8bce,1483,勤,뙨
0x8bcf,1484,均,뚜
0x8bd0,1485,巾,뚝
0x8bd1,1486,錦,뚠
0x8bd2,1487,斤,뚤
0x8bd3,1488,欣,뚫
0x8bd4,1489,欽,뚬
0x8bd5,1490,琴,뚱
0x8bd6,1491,禁,뛔
0x8bd7,1492,禽,뛰
0x8bd8,1493,筋,뛴
0x8bd9,1494,緊,뛸
0x8bda,1495,芹,뜀
0x8bdb,1496,菌,뜁
0x8bdc,1497,衿,뜅
0x8bdd,1498,襟,뜨
0x8bde,1499,謹,뜩
0x8bdf,1500,近,뜬
0x8be0,1501,金,뜯
0x8be1,1502,吟,뜰
0x8be2,1503,銀,뜸
0x8be3,1504,九,뜹
0x8be4,1505,倶,뜻
0x8be5,1506,句,띄
0x8be6,1507,区,띈
0x8be7,1508,狗,띌
0x8be8,1509,玖,띔
0x8be9,1510,矩,띕
0x8bea,1511,苦,띠
0x8beb,1512,躯,띤
0x8bec,1513,駆,띨
0x8bed,1514,駈,띰
0x8bee,1515,駒,띱
0x8bef,1516,具,띳
0x8bf0,1517,愚,띵
0x8bf1,1518,虞,라
0x8bf2,1519,喰,락
0x8bf3,1520,空,란
0x8bf4,1521,偶,랄
0x8bf5,1522,寓,람
0x8bf6,1523,遇,랍
0x8bf7,1524,隅,랏
0x8bf8,1525,串,랐
0x8bf9,1526,櫛,랑
0x8bfa,1527,釧,랒
0x8bfb,1528,屑,랖
0x8bfc,1529,屈,랗
0x8c40,1530,掘,래
0x8c41,1531,窟,랙
0x8c42,1532,沓,랜
0x8c43,1533,靴,랠
0x8c44,1534,轡,램
0x8c45,1535,窪,랩
0x8c46,1536,熊,랫
0x8c47,1537,隈,랬
0x8c48,1538,粂,랭
0x8c49,1539,栗,랴
0x8c4a,1540,繰,략
0x8c4b,1541,桑,랸
0x8c4c,1542,鍬,럇
0x8c4d,1543,勲,량
0x8c4e,1544,君,러
0x8c4f,1545,薫,럭
0x8c50,1546,訓,런
0x8c51,1547,群,럴
0x8c52,1548,軍,럼
0x8c53,1549,郡,럽
0x8c54,1550,卦,럿
0x8c55,1551,袈,렀
0x8c56,1552,祁,렁
0x8c57,1553,係,렇
0x8c58,1554,傾,레
0x8c59,1555,刑,렉
0x8c5a,1556,兄,렌
0x8c5b,1557,啓,렐
0x8c5c,1558,圭,렘
0x8c5d,1559,珪,렙
0x8c5e,1560,型,렛
0x8c5f,1561,契,렝
0x8c60,1562,形,려
0x8c61,1563,径,력
0x8c62,1564,恵,련
0x8c63,1565,慶,렬
0x8c64,1566,慧,렴
0x8c65,1567,憩,렵
0x8c66,1568,掲,렷
0x8c67,1569,携,렸
0x8c68,1570,敬,령
0x8c69,1571,景,례
0x8c6a,1572,桂,롄
0x8c6b,1573,渓,롑
0x8c6c,1574,畦,롓
0x8c6d,1575,稽,로
0x8c6e,1576,系,록
0x8c6f,1577,経,론
0x8c70,1578,継,롤
0x8c71,1579,繋,롬
0x8c72,1580,罫,롭
0x8c73,1581,茎,롯
0x8c74,1582,荊,롱
0x8c75,1583,蛍,롸
0x8c76,1584,計,롼
0x8c77,1585,詣,뢍
0x8c78,1586,警,뢨
0x8c79,1587,軽,뢰
0x8c7a,1588,頚,뢴
0x8c7b,1589,鶏,뢸
0x8c7c,1590,芸,룀
0x8c7d,1591,迎,룁
0x8c7e,1592,鯨,룃
0x8c80,1593,劇,룅
0x8c81,1594,戟,료
0x8c82,1595,撃,룐
0x8c83,1596,激,룔
0x8c84,1597,隙,룝
0x8c85,1598,桁,룟
0x8c86,1599,傑,룡
0x8c87,1600,欠,루
0x8c88,1601,決,룩
0x8c89,1602,潔,룬
0x8c8a,1603,穴,룰
0x8c8b,1604,結,룸
0x8c8c,1605,血,룹
0x8c8d,1606,訣,룻
0x8c8e,1607,月,룽
0x8c8f,1608,件,뤄
0x8c90,1609,倹,뤘
0x8c91,1610,倦,뤠
0x8c92,1611,健,뤼
0x8c93,1612,兼,뤽
0x8c94,1613,券,륀
0x8c95,1614,剣,륄
0x8c96,1615,喧,륌
0x8c97,1616,圏,륏
0x8c98,1617,堅,륑
0x8c99,1618,嫌,류
0x8c9a,1619,建,륙
0x8c9b,1620,憲,륜
0x8c9c,1621,懸,률
0x8c9d,1622,拳,륨
0x8c9e,1623,捲,륩
0x8c9f,1624,検,륫
0x8ca0,1625,権,륭
0x8ca1,1626,牽,르
0x8ca2,1627,犬,륵
0x8ca3,1628,献,른
0x8ca4,1629,研,를
0x8ca5,1630,硯,름
0x8ca6,1631,絹,릅
0x8ca7,1632,県,릇
0x8ca8,1633,肩,릉
0x8ca9,1634,見,릊
0x8caa,1635,謙,릍
0x8cab,1636,賢,릎
0x8cac,1637,軒,리
0x8cad,1638,遣,릭
0x8cae,1639,鍵,린
0x8caf,1640,険,릴
0x8cb0,1641,顕,림
0x8cb1,1642,験,립
0x8cb2,1643,鹸,릿
0x8cb3,1644,元,링
0x8cb4,1645,原,마
0x8cb5,1646,厳,막
0x8cb6,1647,幻,만
0x8cb7,1648,弦,많
0x8cb8,1649,減,맏
0x8cb9,1650,源,말
0x8cba,1651,玄,맑
0x8cbb,1652,現,맒
0x8cbc,1653,絃,맘
0x8cbd,1654,舷,맙
0x8cbe,1655,言,맛
0x8cbf,1656,諺,망
0x8cc0,1657,限,맞
0x8cc1,1658,乎,맡
0x8cc2,1659,個,맣
0x8cc3,1660,古,매
0x8cc4,1661,呼,맥
0x8cc5,1662,固,맨
0x8cc6,1663,姑,맬
0x8cc7,1664,孤,맴
0x8cc8,1665,己,맵
0x8cc9,1666,庫,맷
0x8cca,1667,弧,맸
0x8ccb,1668,戸,맹
0x8ccc,1669,故,맺
0x8ccd,1670,枯,먀
0x8cce,1671,湖,먁
0x8ccf,1672,狐,먈
0x8cd0,1673,糊,먕
0x8cd1,1674,袴,머
0x8cd2,1675,股,먹
0x8cd3,1676,胡,먼
0x8cd4,1677,菰,멀
0x8cd5,1678,虎,멂
0x8cd6,1679,誇,멈
0x8cd7,1680,跨,멉
0x8cd8,1681,鈷,멋
0x8cd9,1682,雇,멍
0x8cda,1683,顧,멎
0x8cdb,1684,鼓,멓
0x8cdc,1685,五,메
0x8cdd,1686,互,멕
0x8cde,1687,伍,멘
0x8cdf,1688,午,멜
0x8ce0,1689,呉,멤
0x8ce1,1690,吾,멥
0x8ce2,1691,娯,멧
0x8ce3,1692,後,멨
0x8ce4,1693,御,멩
0x8ce5,1694,悟,며
0x8ce6,1695,梧,멱
0x8ce7,1696,檎,면
0x8ce8,1697,瑚,멸
0x8ce9,1698,碁,몃
0x8cea,1699,語,몄
0x8ceb,1700,誤,명
0x8cec,1701,護,몇
0x8ced,1702,醐,몌
0x8cee,1703,乞,모
0x8cef,1704,鯉,목
0x8cf0,1705,交,몫
0x8cf1,1706,佼,몬
0x8cf2,1707,侯,몰
0x8cf3,1708,候,몲
0x8cf4,1709,倖,몸
0x8cf5,1710,光,몹
0x8cf6,1711,公,못
0x8cf7,1712,功,몽
0x8cf8,1713,効,뫄
0x8cf9,1714,勾,뫈
0x8cfa,1715,厚,뫘
0x8cfb,1716,口,뫙
0x8cfc,1717,向,뫼
0x8d40,1718,后,묀
0x8d41,1719,喉,묄
0x8d42,1720,坑,묍
0x8d43,1721,垢,묏
0x8d44,1722,好,묑
0x8d45,1723,孔,묘
0x8d46,1724,孝,묜
0x8d47,1725,宏,묠
0x8d48,1726,工,묩
0x8d49,1727,巧,묫
0x8d4a,1728,巷,무
0x8d4b,1729,幸,묵
0x8d4c,1730,広,묶
0x8d4d,1731,庚,문
0x8d4e,1732,康,묻
0x8d4f,1733,弘,물
0x8d50,1734,恒,묽
0x8d51,1735,慌,묾
0x8d52,1736,抗,뭄
0x8d53,1737,拘,뭅
0x8d54,1738,控,뭇
0x8d55,1739,攻,뭉
0x8d56,1740,昂,뭍
0x8d57,1741,晃,뭏
0x8d58,1742,更,뭐
0x8d59,1743,杭,뭔
0x8d5a,1744,校,뭘
0x8d5b,1745,梗,뭡
0x8d5c,1746,構,뭣
0x8d5d,1747,江,뭬
0x8d5e,1748,洪,뮈
0x8d5f,1749,浩,뮌
0x8d60,1750,港,뮐
0x8d61,1751,溝,뮤
0x8d62,1752,甲,뮨
0x8d63,1753,皇,뮬
0x8d64,1754,硬,뮴
0x8d65,1755,稿,뮷
0x8d66,1756,糠,므
0x8d67,1757,紅,믄
0x8d68,1758,紘,믈
0x8d69,1759,絞,믐
0x8d6a,1760,綱,믓
0x8d6b,1761,耕,미
0x8d6c,1762,考,믹
0x8d6d,1763,肯,민
0x8d6e,1764,肱,믿
0x8d6f,1765,腔,밀
0x8d70,1766,膏,밂
0x8d71,1767,航,밈
0x8d72,1768,荒,밉
0x8d73,1769,行,밋
0x8d74,1770,衡,밌
0x8d75,1771,講,밍
0x8d76,1772,貢,및
0x8d77,1773,購,밑
0x8d78,1774,郊,바
0x8d79,1775,酵,박
0x8d7a,1776,鉱,밖
0x8d7b,1777,砿,밗
0x8d7c,1778,鋼,반
0x8d7d,1779,閤,받
0x8d7e,1780,降,발
0x8d80,1781,項,밝
0x8d81,1782,香,밞
0x8d82,1783,高,밟
0x8d83,1784,鴻,밤
0x8d84,1785,剛,밥
0x8d85,1786,劫,밧
0x8d86,1787,号,방
0x8d87,1788,合,밭
0x8d88,1789,壕,배
0x8d89,1790,拷,백
0x8d8a,1791,濠,밴
0x8d8b,1792,豪,밸
0x8d8c,1793,轟,뱀
0x8d8d,1794,麹,뱁
0x8d8e,1795,克,뱃
0x8d8f,1796,刻,뱄
0x8d90,1797,告,뱅
0x8d91,1798,国,뱉
0x8d92,1799,穀,뱌
0x8d93,1800,酷,뱍
0x8d94,1801,鵠,뱐
0x8d95,1802,黒,뱝
0x8d96,1803,獄,버
0x8d97,1804,漉,벅
0x8d98,1805,腰,번
0x8d99,1806,甑,벋
0x8d9a,1807,忽,벌
0x8d9b,1808,惚,벎
0x8d9c,1809,骨,범
0x8d9d,1810,狛,법
0x8d9e,1811,込,벗
0x8d9f,1812,此,벙
0x8da0,1813,頃,벚
0x8da1,1814,今,베
0x8da2,1815,困,벡
0x8da3,1816,坤,벤
0x8da4,1817,墾,벧
0x8da5,1818,婚,벨
0x8da6,1819,恨,벰
0x8da7,1820,懇,벱
0x8da8,1821,昏,벳
0x8da9,1822,昆,벴
0x8daa,1823,根,벵
0x8dab,1824,梱,벼
0x8dac,1825,混,벽
0x8dad,1826,痕,변
0x8dae,1827,紺,별
0x8daf,1828,艮,볍
0x8db0,1829,魂,볏
0x8db1,1830,些,볐
0x8db2,1831,佐,병
0x8db3,1832,叉,볕
0x8db4,1833,唆,볘
0x8db5,1834,嵯,볜
0x8db6,1835,左,보
0x8db7,1836,差,복
0x8db8,1837,査,볶
0x8db9,1838,沙,본
0x8dba,1839,瑳,볼
0x8dbb,1840,砂,봄
0x8dbc,1841,詐,봅
0x8dbd,1842,鎖,봇
0x8dbe,1843,裟,봉
0x8dbf,1844,坐,봐
0x8dc0,1845,座,봔
0x8dc1,1846,挫,봤
0x8dc2,1847,債,봬
0x8dc3,1848,催,뵀
0x8dc4,1849,再,뵈
0x8dc5,1850,最,뵉
0x8dc6,1851,哉,뵌
0x8dc7,1852,塞,뵐
0x8dc8,1853,妻,뵘
0x8dc9,1854,宰,뵙
0x8dca,1855,彩,뵤
0x8dcb,1856,才,뵨
0x8dcc,1857,採,부
0x8dcd,1858,栽,북
0x8dce,1859,歳,분
0x8dcf,1860,済,붇
0x8dd0,1861,災,불
0x8dd1,1862,采,붉
0x8dd2,1863,犀,붊
0x8dd3,1864,砕,붐
0x8dd4,1865,砦,붑
0x8dd5,1866,祭,붓
0x8dd6,1867,斎,붕
0x8dd7,1868,細,붙
0x8dd8,1869,菜,붚
0x8dd9,1870,裁,붜
0x8dda,1871,載,붤
0x8ddb,1872,際,붰
0x8ddc,1873,剤,붸
0x8ddd,1874,在,뷔
0x8dde,1875,材,뷕
0x8ddf,1876,罪,뷘
0x8de0,1877,財,뷜
0x8de1,1878,冴,뷩
0x8de2,1879,坂,뷰
0x8de3,1880,阪,뷴
0x8de4,1881,堺,뷸
0x8de5,1882,榊,븀
0x8de6,1883,肴,븃
0x8de7,1884,咲,븅
0x8de8,1885,崎,브
0x8de9,1886,埼,븍
0x8dea,1887,碕,븐
0x8deb,1888,鷺,블
0x8dec,1889,作,븜
0x8ded,1890,削,븝
0x8dee,1891,咋,븟
0x8def,1892,搾,비
0x8df0,1893,昨,빅
0x8df1,1894,朔,빈
0x8df2,1895,柵,빌
0x8df3,1896,窄,빎
0x8df4,1897,策,빔
0x8df5,1898,索,빕
0x8df6,1899,錯,빗
0x8df7,1900,桜,빙
0x8df8,1901,鮭,빚
0x8df9,1902,笹,빛
0x8dfa,1903,匙,빠
0x8dfb,1904,冊,빡
0x8dfc,1905,刷,빤
0x8e40,1906,察,빨
0x8e41,1907,拶,빪
0x8e42,1908,撮,빰
0x8e43,1909,擦,빱
0x8e44,1910,札,빳
0x8e45,1911,殺,빴
0x8e46,1912,薩,빵
0x8e47,1913,雑,빻
0x8e48,1914,皐,빼
0x8e49,1915,鯖,빽
0x8e4a,1916,捌,뺀
0x8e4b,1917,錆,뺄
0x8e4c,1918,鮫,뺌
0x8e4d,1919,皿,뺍
0x8e4e,1920,晒,뺏
0x8e4f,1921,三,뺐
0x8e50,1922,傘,뺑
0x8e51,1923,参,뺘
0x8e52,1924,山,뺙
0x8e53,1925,惨,뺨
0x8e54,1926,撒,뻐
0x8e55,1927,散,뻑
0x8e56,1928,桟,뻔
0x8e57,1929,燦,뻗
0x8e58,1930,珊,뻘
0x8e59,1931,産,뻠
0x8e5a,1932,算,뻣
0x8e5b,1933,纂,뻤
0x8e5c,1934,蚕,뻥
0x8e5d,1935,讃,뻬
0x8e5e,1936,賛,뼁
0x8e5f,1937,酸,뼈
0x8e60,1938,餐,뼉
0x8e61,1939,斬,뼘
0x8e62,1940,暫,뼙
0x8e63,1941,残,뼛
0x8e64,1942,仕,뼜
0x8e65,1943,仔,뼝
0x8e66,1944,伺,뽀
0x8e67,1945,使,뽁
0x8e68,1946,刺,뽄
0x8e69,1947,司,뽈
0x8e6a,1948,史,뽐
0x8e6b,1949,嗣,뽑
0x8e6c,1950,四,뽕
0x8e6d,1951,士,뾔
0x8e6e,1952,始,뾰
0x8e6f,1953,姉,뿅
0x8e70,1954,姿,뿌
0x8e71,1955,子,뿍
0x8e72,1956,屍,뿐
0x8e73,1957,市,뿔
0x8e74,1958,師,뿜
0x8e75,1959,志,뿟
0x8e76,1960,思,뿡
0x8e77,1961,指,쀼
0x8e78,1962,支,쁑
0x8e79,1963,孜,쁘
0x8e7a,1964,斯,쁜
0x8e7b,1965,施,쁠
0x8e7c,1966,旨,쁨
0x8e7d,1967,枝,쁩
0x8e7e,1968,止,삐
0x8e80,1969,死,삑
0x8e81,1970,氏,삔
0x8e82,1971,獅,삘
0x8e83,1972,祉,삠
0x8e84,1973,私,삡
0x8e85,1974,糸,삣
0x8e86,1975,紙,삥
0x8e87,1976,紫,사
0x8e88,1977,肢,삭
0x8e89,1978,脂,삯
0x8e8a,1979,至,산
0x8e8b,1980,視,삳
0x8e8c,1981,詞,살
0x8e8d,1982,詩,삵
0x8e8e,1983,試,삶
0x8e8f,1984,誌,삼
0x8e90,1985,諮,삽
0x8e91,1986,資,삿
0x8e92,1987,賜,샀
0x8e93,1988,雌,상
0x8e94,1989,飼,샅
0x8e95,1990,歯,새
0x8e96,1991,事,색
0x8e97,1992,似,샌
0x8e98,1993,侍,샐
0x8e99,1994,児,샘
0x8e9a,1995,字,샙
0x8e9b,1996,寺,샛
0x8e9c,1997,慈,샜
0x8e9d,1998,持,생
0x8e9e,1999,時,샤
0x8e9f,2000,次,샥
0x8ea0,2001,滋,샨
0x8ea1,2002,治,샬
0x8ea2,2003,爾,샴
0x8ea3,2004,璽,샵
0x8ea4,2005,痔,샷
0x8ea5,2006,磁,샹
0x8ea6,2007,示,섀
0x8ea7,2008,而,섄
0x8ea8,2009,耳,섈
0x8ea9,2010,自,섐
0x8eaa,2011,蒔,섕
0x8eab,2012,辞,서
0x8eac,2013,汐,석
0x8ead,2014,鹿,섞
0x8eae,2015,式,섟
0x8eaf,2016,識,선
0x8eb0,2017,鴫,섣
0x8eb1,2018,竺,설
0x8eb2,2019,軸,섦
0x8eb3,2020,宍,섧
0x8eb4,2021,雫,섬
0x8eb5,2022,七,섭
0x8eb6,2023,叱,섯
0x8eb7,2024,執,섰
0x8eb8,2025,失,성
0x8eb9,2026,嫉,섶
0x8eba,2027,室,세
0x8ebb,2028,悉,섹
0x8ebc,2029,湿,센
0x8ebd,2030,漆,셀
0x8ebe,2031,疾,셈
0x8ebf,2032,質,셉
0x8ec0,2033,実,셋
0x8ec1,2034,蔀,셌
0x8ec2,2035,篠,셍
0x8ec3,2036,偲,셔
0x8ec4,2037,柴,셕
0x8ec5,2038,芝,션
0x8ec6,2039,屡,셜
0x8ec7,2040,蕊,셤
0x8ec8,2041,縞,셥
0x8ec9,2042,舎,셧
0x8eca,2043,写,셨
0x8ecb,2044,射,셩
0x8ecc,2045,捨,셰
0x8ecd,2046,赦,셴
0x8ece,2047,斜,셸
0x8ecf,2048,煮,솅
0x8ed0,2049,社,소
0x8ed1,2050,紗,속
0x8ed2,2051,者,솎
0x8ed3,2052,謝,손
0x8ed4,2053,車,솔
0x8ed5,2054,遮,솖
0x8ed6,2055,蛇,솜
0x8ed7,2056,邪,솝
0x8ed8,2057,借,솟
0x8ed9,2058,勺,송
0x8eda,2059,尺,솥
0x8edb,2060,杓,솨
0x8edc,2061,灼,솩
0x8edd,2062,爵,솬
0x8ede,2063,酌,솰
0x8edf,2064,釈,솽
0x8ee0,2065,錫,쇄
0x8ee1,2066,若,쇈
0x8ee2,2067,寂,쇌
0x8ee3,2068,弱,쇔
0x8ee4,2069,惹,쇗
0x8ee5,2070,主,쇘
0x8ee6,2071,取,쇠
0x8ee7,2072,守,쇤
0x8ee8,2073,手,쇨
0x8ee9,2074,朱,쇰
0x8eea,2075,殊,쇱
0x8eeb,2076,狩,쇳
0x8eec,2077,珠,쇼
0x8eed,2078,種,쇽
0x8eee,2079,腫,숀
0x8eef,2080,趣,숄
0x8ef0,2081,酒,숌
0x8ef1,2082,首,숍
0x8ef2,2083,儒,숏
0x8ef3,2084,受,숑
0x8ef4,2085,呪,수
0x8ef5,2086,寿,숙
0x8ef6,2087,授,순
0x8ef7,2088,樹,숟
0x8ef8,2089,綬,술
0x8ef9,2090,需,숨
0x8efa,2091,囚,숩
0x8efb,2092,収,숫
0x8efc,2093,周,숭
0x8f40,2094,宗,숯
0x8f41,2095,就,숱
0x8f42,2096,州,숲
0x8f43,2097,修,숴
0x8f44,2098,愁,쉈
0x8f45,2099,拾,쉐
0x8f46,2100,洲,쉑
0x8f47,2101,秀,쉔
0x8f48,2102,秋,쉘
0x8f49,2103,終,쉠
0x8f4a,2104,繍,쉥
0x8f4b,2105,習,쉬
0x8f4c,2106,臭,쉭
0x8f4d,2107,舟,쉰
0x8f4e,2108,蒐,쉴
0x8f4f,2109,衆,쉼
0x8f50,2110,襲,쉽
0x8f51,2111,讐,쉿
0x8f52,2112,蹴,슁
0x8f53,2113,輯,슈
0x8f54,2114,週,슉
0x8f55,2115,酋,슐
0x8f56,2116,酬,슘
0x8f57,2117,集,슛
0x8f58,2118,醜,슝
0x8f59,2119,什,스
0x8f5a,2120,住,슥
0x8f5b,2121,充,슨
0x8f5c,2122,十,슬
0x8f5d,2123,従,슭
0x8f5e,2124,戎,슴
0x8f5f,2125,柔,습
0x8f60,2126,汁,슷
0x8f61,2127,渋,승
0x8f62,2128,獣,시
0x8f63,2129,縦,식
0x8f64,2130,重,신
0x8f65,2131,銃,싣
0x8f66,2132,叔,실
0x8f67,2133,夙,싫
0x8f68,2134,宿,심
0x8f69,2135,淑,십
0x8f6a,2136,祝,싯
0x8f6b,2137,縮,싱
0x8f6c,2138,粛,싶
0x8f6d,2139,塾,싸
0x8f6e,2140,熟,싹
0x8f6f,2141,出,싻
0x8f70,2142,術,싼
0x8f71,2143,述,쌀
0x8f72,2144,俊,쌈
0x8f73,2145,峻,쌉
0x8f74,2146,春,쌌
0x8f75,2147,瞬,쌍
0x8f76,2148,竣,쌓
0x8f77,2149,舜,쌔
0x8f78,2150,駿,쌕
0x8f79,2151,准,쌘
0x8f7a,2152,循,쌜
0x8f7b,2153,旬,쌤
0x8f7c,2154,楯,쌥
0x8f7d,2155,殉,쌨
0x8f7e,2156,淳,쌩
0x8f80,2157,準,썅
0x8f81,2158,潤,써
0x8f82,2159,盾,썩
0x8f83,2160,純,썬
0x8f84,2161,巡,썰
0x8f85,2162,遵,썲
0x8f86,2163,醇,썸
0x8f87,2164,順,썹
0x8f88,2165,処,썼
0x8f89,2166,初,썽
0x8f8a,2167,所,쎄
0x8f8b,2168,暑,쎈
0x8f8c,2169,曙,쎌
0x8f8d,2170,渚,쏀
0x8f8e,2171,庶,쏘
0x8f8f,2172,緒,쏙
0x8f90,2173,署,쏜
0x8f91,2174,書,쏟
0x8f92,2175,薯,쏠
0x8f93,2176,藷,쏢
0x8f94,2177,諸,쏨
0x8f95,2178,助,쏩
0x8f96,2179,叙,쏭
0x8f97,2180,女,쏴
0x8f98,2181,序,쏵
0x8f99,2182,徐,쏸
0x8f9a,2183,恕,쐈
0x8f9b,2184,鋤,쐐
0x8f9c,2185,除,쐤
0x8f9d,2186,傷,쐬
0x8f9e,2187,償,쐰
0x8f9f,2188,勝,쐴
0x8fa0,2189,匠,쐼
0x8fa1,2190,升,쐽
0x8fa2,2191,召,쑈
0x8fa3,2192,哨,쑤
0x8fa4,2193,商,쑥
0x8fa5,2194,唱,쑨
0x8fa6,2195,嘗,쑬
0x8fa7,2196,奨,쑴
0x8fa8,2197,妾,쑵
0x8fa9,2198,娼,쑹
0x8faa,2199,宵,쒀
0x8fab,2200,将,쒔
0x8fac,2201,小,쒜
0x8fad,2202,少,쒸
0x8fae,2203,尚,쒼
0x8faf,2204,庄,쓩
0x8fb0,2205,床,쓰
0x8fb1,2206,廠,쓱
0x8fb2,2207,彰,쓴
0x8fb3,2208,承,쓸
0x8fb4,2209,抄,쓺
0x8fb5,2210,招,쓿
0x8fb6,2211,掌,씀
0x8fb7,2212,捷,씁
0x8fb8,2213,昇,씌
0x8fb9,2214,昌,씐
0x8fba,2215,昭,씔
0x8fbb,2216,晶,씜
0x8fbc,2217,松,씨
0x8fbd,2218,梢,씩
0x8fbe,2219,樟,씬
0x8fbf,2220,樵,씰
0x8fc0,2221,沼,씸
0x8fc1,2222,消,씹
0x8fc2,2223,渉,씻
0x8fc3,2224,湘,씽
0x8fc4,2225,焼,아
0x8fc5,2226,焦,악
0x8fc6,2227,照,안
0x8fc7,2228,症,앉
0x8fc8,2229,省,않
0x8fc9,2230,硝,알
0x8fca,2231,礁,앍
0x8fcb,2232,祥,앎
0x8fcc,2233,称,앓
0x8fcd,2234,章,암
0x8fce,2235,笑,압
0x8fcf,2236,粧,앗
0x8fd0,2237,紹,았
0x8fd1,2238,肖,앙
0x8fd2,2239,菖,앝
0x8fd3,2240,蒋,앞
0x8fd4,2241,蕉,애
0x8fd5,2242,衝,액
0x8fd6,2243,裳,앤
0x8fd7,2244,訟,앨
0x8fd8,2245,証,앰
0x8fd9,2246,詔,앱
0x8fda,2247,詳,앳
0x8fdb,2248,象,앴
0x8fdc,2249,賞,앵
0x8fdd,2250,醤,야
0x8fde,2251,鉦,약
0x8fdf,2252,鍾,얀
0x8fe0,2253,鐘,얄
0x8fe1,2254,障,얇
0x8fe2,2255,鞘,얌
0x8fe3,2256,上,얍
0x8fe4,2257,丈,얏
0x8fe5,2258,丞,양
0x8fe6,2259,乗,얕
0x8fe7,2260,冗,얗
0x8fe8,2261,剰,얘
0x8fe9,2262,城,얜
0x8fea,2263,場,얠
0x8feb,2264,壌,얩
0x8fec,2265,嬢,어
0x8fed,2266,常,억
0x8fee,2267,情,언
0x8fef,2268,擾,얹
0x8ff0,2269,条,얻
0x8ff1,2270,杖,얼
0x8ff2,2271,浄,얽
0x8ff3,2272,状,얾
0x8ff4,2273,畳,엄
0x8ff5,2274,穣,업
0x8ff6,2275,蒸,없
0x8ff7,2276,譲,엇
0x8ff8,2277,醸,었
0x8ff9,2278,錠,엉
0x8ffa,2279,嘱,엊
0x8ffb,2280,埴,엌
0x8ffc,2281,飾,엎
0x9040,2282,拭,에
0x9041,2283,植,엑
0x9042,2284,殖,엔
0x9043,2285,燭,엘
0x9044,2286,織,엠
0x9045,2287,職,엡
0x9046,2288,色,엣
0x9047,2289,触,엥
0x9048,2290,食,여
0x9049,2291,蝕,역
0x904a,2292,辱,엮
0x904b,2293,尻,연
0x904c,2294,伸,열
0x904d,2295,信,엶
0x904e,2296,侵,엷
0x904f,2297,唇,염
0x9050,2298,娠,엽
0x9051,2299,寝,엾
0x9052,2300,審,엿
0x9053,2301,心,였
0x9054,2302,慎,영
0x9055,2303,振,옅
0x9056,2304,新,옆
0x9057,2305,晋,옇
0x9058,2306,森,예
0x9059,2307,榛,옌
0x905a,2308,浸,옐
0x905b,2309,深,옘
0x905c,2310,申,옙
0x905d,2311,疹,옛
0x905e,2312,真,옜
0x905f,2313,神,오
0x9060,2314,秦,옥
0x9061,2315,紳,온
0x9062,2316,臣,올
0x9063,2317,芯,옭
0x9064,2318,薪,옮
0x9065,2319,親,옰
0x9066,2320,診,옳
0x9067,2321,身,옴
0x9068,2322,辛,옵
0x9069,2323,進,옷
0x906a,2324,針,옹
0x906b,2325,震,옻
0x906c,2326,人,와
0x906d,2327,仁,왁
0x906e,2328,刃,완
0x906f,2329,塵,왈
0x9070,2330,壬,왐
0x9071,2331,尋,왑
0x9072,2332,甚,왓
0x9073,2333,尽,왔
0x9074,2334,腎,왕
0x9075,2335,訊,왜
0x9076,2336,迅,왝
0x9077,2337,陣,왠
0x9078,2338,靭,왬
0x9079,2339,笥,왯
0x907a,2340,諏,왱
0x907b,2341,須,외
0x907c,2342,酢,왹
0x907d,2343,図,왼
0x907e,2344,厨,욀
0x9080,2345,逗,욈
0x9081,2346,吹,욉
0x9082,2347,垂,욋
0x9083,2348,帥,욍
0x9084,2349,推,요
0x9085,2350,水,욕
0x9086,2351,炊,욘
0x9087,2352,睡,욜
0x9088,2353,粋,욤
0x9089,2354,翠,욥
0x908a,2355,衰,욧
0x908b,2356,遂,용
0x908c,2357,酔,우
0x908d,2358,錐,욱
0x908e,2359,錘,운
0x908f,2360,随,울
0x9090,2361,瑞,욹
0x9091,2362,髄,욺
0x9092,2363,崇,움
0x9093,2364,嵩,웁
0x9094,2365,数,웃
0x9095,2366,枢,웅
0x9096,2367,趨,워
0x9097,2368,雛,웍
0x9098,2369,据,원
0x9099,2370,杉,월
0x909a,2371,椙,웜
0x909b,2372,菅,웝
0x909c,2373,頗,웠
0x909d,2374,雀,웡
0x909e,2375,裾,웨
0x909f,2376,澄,웩
0x90a0,2377,摺,웬
0x90a1,2378,寸,웰
0x90a2,2379,世,웸
0x90a3,2380,瀬,웹
0x90a4,2381,畝,웽
0x90a5,2382,是,위
0x90a6,2383,凄,윅
0x90a7,2384,制,윈
0x90a8,2385,勢,윌
0x90a9,2386,姓,윔
0x90aa,2387,征,윕
0x90ab,2388,性,윗
0x90ac,2389,成,윙
0x90ad,2390,政,유
0x90ae,2391,整,육
0x90af,2392,星,윤
0x90b0,2393,晴,율
0x90b1,2394,棲,윰
0x90b2,2395,栖,윱
0x90b3,2396,正,윳
0x90b4,2397,清,융
0x90b5,2398,牲,윷
0x90b6,2399,生,으
0x90b7,2400,盛,윽
0x90b8,2401,精,은
0x90b9,2402,聖,을
0x90ba,2403,声,읊
0x90bb,2404,製,음
0x90bc,2405,西,읍
0x90bd,2406,誠,읏
0x90be,2407,誓,응
0x90bf,2408,請,읒
0x90c0,2409,逝,읓
0x90c1,2410,醒,읔
0x90c2,2411,青,읕
0x90c3,2412,静,읖
0x90c4,2413,斉,읗
0x90c5,2414,税,의
0x90c6,2415,脆,읜
0x90c7,2416,隻,읠
0x90c8,2417,席,읨
0x90c9,2418,惜,읫
0x90ca,2419,戚,이
0x90cb,2420,斥,익
0x90cc,2421,昔,인
0x90cd,2422,析,일
0x90ce,2423,石,읽
0x90cf,2424,積,읾
0x90d0,2425,籍,잃
0x90d1,2426,績,임
0x90d2,2427,脊,입
0x90d3,2428,責,잇
0x90d4,2429,赤,있
0x90d5,2430,跡,잉
0x90d6,2431,蹟,잊
0x90d7,2432,碩,잎
0x90d8,2433,切,자
0x90d9,2434,拙,작
0x90da,2435,接,잔
0x90db,2436,摂,잖
0x90dc,2437,折,잗
0x90dd,2438,設,잘
0x90de,2439,窃,잚
0x90df,2440,節,잠
0x90e0,2441,説,잡
0x90e1,2442,雪,잣
0x90e2,2443,絶,잤
0x90e3,2444,舌,장
0x90e4,2445,蝉,잦
0x90e5,2446,仙,재
0x90e6,2447,先,잭
0x90e7,2448,千,잰
0x90e8,2449,占,잴
0x90e9,2450,宣,잼
0x90ea,2451,専,잽
0x90eb,2452,尖,잿
0x90ec,2453,川,쟀
0x90ed,2454,戦,쟁
0x90ee,2455,扇,쟈
0x90ef,2456,撰,쟉
0x90f0,2457,栓,쟌
0x90f1,2458,栴,쟎
0x90f2,2459,泉,쟐
0x90f3,2460,浅,쟘
0x90f4,2461,洗,쟝
0x90f5,2462,染,쟤
0x90f6,2463,潜,쟨
0x90f7,2464,煎,쟬
0x90f8,2465,煽,저
0x90f9,2466,旋,적
0x90fa,2467,穿,전
0x90fb,2468,箭,절
0x90fc,2469,線,젊
0x9140,2470,繊,점
0x9141,2471,羨,접
0x9142,2472,腺,젓
0x9143,2473,舛,정
0x9144,2474,船,젖
0x9145,2475,薦,제
0x9146,2476,詮,젝
0x9147,2477,賎,젠
0x9148,2478,践,젤
0x9149,2479,選,젬
0x914a,2480,遷,젭
0x914b,2481,銭,젯
0x914c,2482,銑,젱
0x914d,2483,閃,져
0x914e,2484,鮮,젼
0x914f,2485,前,졀
0x9150,2486,善,졈
0x9151,2487,漸,졉
0x9152,2488,然,졌
0x9153,2489,全,졍
0x9154,2490,禅,졔
0x9155,2491,繕,조
0x9156,2492,膳,족
0x9157,2493,糎,존
0x9158,2494,噌,졸
0x9159,2495,塑,졺
0x915a,2496,岨,좀
0x915b,2497,措,좁
0x915c,2498,曾,좃
0x915d,2499,曽,종
0x915e,2500,楚,좆
0x915f,2501,狙,좇
0x9160,2502,疏,좋
0x9161,2503,疎,좌
0x9162,2504,礎,좍
0x9163,2505,祖,좔
0x9164,2506,租,좝
0x9165,2507,粗,좟
0x9166,2508,素,좡
0x9167,2509,組,좨
0x9168,2510,蘇,좼
0x9169,2511,訴,좽
0x916a,2512,阻,죄
0x916b,2513,遡,죈
0x916c,2514,鼠,죌
0x916d,2515,僧,죔
0x916e,2516,創,죕
0x916f,2517,双,죗
0x9170,2518,叢,죙
0x9171,2519,倉,죠
0x9172,2520,喪,죡
0x9173,2521,壮,죤
0x9174,2522,奏,죵
0x9175,2523,爽,주
0x9176,2524,宋,죽
0x9177,2525,層,준
0x9178,2526,匝,줄
0x9179,2527,惣,줅
0x917a,2528,想,줆
0x917b,2529,捜,줌
0x917c,2530,掃,줍
0x917d,2531,挿,줏
0x917e,2532,掻,중
0x9180,2533,操,줘
0x9181,2534,早,줬
0x9182,2535,曹,줴
0x9183,2536,巣,쥐
0x9184,2537,槍,쥑
0x9185,2538,槽,쥔
0x9186,2539,漕,쥘
0x9187,2540,燥,쥠
0x9188,2541,争,쥡
0x9189,2542,痩,쥣
0x918a,2543,相,쥬
0x918b,2544,窓,쥰
0x918c,2545,糟,쥴
0x918d,2546,総,쥼
0x918e,2547,綜,즈
0x918f,2548,聡,즉
0x9190,2549,草,즌
0x9191,2550,荘,즐
0x9192,2551,葬,즘
0x9193,2552,蒼,즙
0x9194,2553,藻,즛
0x9195,2554,装,증
0x9196,2555,走,지
0x9197,2556,送,직
0x9198,2557,遭,진
0x9199,2558,鎗,짇
0x919a,2559,霜,질
0x919b,2560,騒,짊
0x919c,2561,像,짐
0x919d,2562,増,집
0x919e,2563,憎,짓
0x919f,2564,臓,징
0x91a0,2565,蔵,짖
0x91a1,2566,贈,짙
0x91a2,2567,造,짚
0x91a3,2568,促,짜
0x91a4,2569,側,짝
0x91a5,2570,則,짠
0x91a6,2571,即,짢
0x91a7,2572,息,짤
0x91a8,2573,捉,짧
0x91a9,2574,束,짬
0x91aa,2575,測,짭
0x91ab,2576,足,짯
0x91ac,2577,速,짰
0x91ad,2578,俗,짱
0x91ae,2579,属,째
0x91af,2580,賊,짹
0x91b0,2581,族,짼
0x91b1,2582,続,쨀
0x91b2,2583,卒,쨈
0x91b3,2584,袖,쨉
0x91b4,2585,其,쨋
0x91b5,2586,揃,쨌
0x91b6,2587,存,쨍
0x91b7,2588,孫,쨔
0x91b8,2589,尊,쨘
0x91b9,2590,損,쨩
0x91ba,2591,村,쩌
0x91bb,2592,遜,쩍
0x91bc,2593,他,쩐
0x91bd,2594,多,쩔
0x91be,2595,太,쩜
0x91bf,2596,汰,쩝
0x91c0,2597,詑,쩟
0x91c1,2598,唾,쩠
0x91c2,2599,堕,쩡
0x91c3,2600,妥,쩨
0x91c4,2601,惰,쩽
0x91c5,2602,打,쪄
0x91c6,2603,柁,쪘
0x91c7,2604,舵,쪼
0x91c8,2605,楕,쪽
0x91c9,2606,陀,쫀
0x91ca,2607,駄,쫄
0x91cb,2608,騨,쫌
0x91cc,2609,体,쫍
0x91cd,2610,堆,쫏
0x91ce,2611,対,쫑
0x91cf,2612,耐,쫓
0x91d0,2613,岱,쫘
0x91d1,2614,帯,쫙
0x91d2,2615,待,쫠
0x91d3,2616,怠,쫬
0x91d4,2617,態,쫴
0x91d5,2618,戴,쬈
0x91d6,2619,替,쬐
0x91d7,2620,泰,쬔
0x91d8,2621,滞,쬘
0x91d9,2622,胎,쬠
0x91da,2623,腿,쬡
0x91db,2624,苔,쭁
0x91dc,2625,袋,쭈
0x91dd,2626,貸,쭉
0x91de,2627,退,쭌
0x91df,2628,逮,쭐
0x91e0,2629,隊,쭘
0x91e1,2630,黛,쭙
0x91e2,2631,鯛,쭝
0x91e3,2632,代,쭤
0x91e4,2633,台,쭸
0x91e5,2634,大,쭹
0x91e6,2635,第,쮜
0x91e7,2636,醍,쮸
0x91e8,2637,題,쯔
0x91e9,2638,鷹,쯤
0x91ea,2639,滝,쯧
0x91eb,2640,瀧,쯩
0x91ec,2641,卓,찌
0x91ed,2642,啄,찍
0x91ee,2643,宅,찐
0x91ef,2644,托,찔
0x91f0,2645,択,찜
0x91f1,2646,拓,찝
0x91f2,2647,沢,찡
0x91f3,2648,濯,찢
0x91f4,2649,琢,찧
0x91f5,2650,託,차
0x91f6,2651,鐸,착
0x91f7,2652,濁,찬
0x91f8,2653,諾,찮
0x91f9,2654,茸,찰
0x91fa,2655,凧,참
0x91fb,2656,蛸,찹
0x91fc,2657,只,찻
0x9240,2658,叩,찼
0x9241,2659,但,창
0x9242,2660,達,찾
0x9243,2661,辰,채
0x9244,2662,奪,책
0x9245,2663,脱,챈
0x9246,2664,巽,챌
0x9247,2665,竪,챔
0x9248,2666,辿,챕
0x9249,2667,棚,챗
0x924a,2668,谷,챘
0x924b,2669,狸,챙
0x924c,2670,鱈,챠
0x924d,2671,樽,챤
0x924e,2672,誰,챦
0x924f,2673,丹,챨
0x9250,2674,単,챰
0x9251,2675,嘆,챵
0x9252,2676,坦,처
0x9253,2677,担,척
0x9254,2678,探,천
0x9255,2679,旦,철
0x9256,2680,歎,첨
0x9257,2681,淡,첩
0x9258,2682,湛,첫
0x9259,2683,炭,첬
0x925a,2684,短,청
0x925b,2685,端,체
0x925c,2686,箪,첵
0x925d,2687,綻,첸
0x925e,2688,耽,첼
0x925f,2689,胆,쳄
0x9260,2690,蛋,쳅
0x9261,2691,誕,쳇
0x9262,2692,鍛,쳉
0x9263,2693,団,쳐
0x9264,2694,壇,쳔
0x9265,2695,弾,쳤
0x9266,2696,断,쳬
0x9267,2697,暖,쳰
0x9268,2698,檀,촁
0x9269,2699,段,초
0x926a,2700,男,촉
0x926b,2701,談,촌
0x926c,2702,値,촐
0x926d,2703,知,촘
0x926e,2704,地,촙
0x926f,2705,弛,촛
0x9270,2706,恥,총
0x9271,2707,智,촤
0x9272,2708,池,촨
0x9273,2709,痴,촬
0x9274,2710,稚,촹
0x9275,2711,置,최
0x9276,2712,致,쵠
0x9277,2713,蜘,쵤
0x9278,2714,遅,쵬
0x9279,2715,馳,쵭
0x927a,2716,築,쵯
0x927b,2717,畜,쵱
0x927c,2718,竹,쵸
0x927d,2719,筑,춈
0x927e,2720,蓄,추
0x9280,2721,逐,축
0x9281,2722,秩,춘
0x9282,2723,窒,출
0x9283,2724,茶,춤
0x9284,2725,嫡,춥
0x9285,2726,着,춧
0x9286,2727,中,충
0x9287,2728,仲,춰
0x9288,2729,宙,췄
0x9289,2730,忠,췌
0x928a,2731,抽,췐
0x928b,2732,昼,취
0x928c,2733,柱,췬
0x928d,2734,注,췰
0x928e,2735,虫,췸
0x928f,2736,衷,췹
0x9290,2737,註,췻
0x9291,2738,酎,췽
0x9292,2739,鋳,츄
0x9293,2740,駐,츈
0x9294,2741,樗,츌
0x9295,2742,瀦,츔
0x9296,2743,猪,츙
0x9297,2744,苧,츠
0x9298,2745,著,측
0x9299,2746,貯,츤
0x929a,2747,丁,츨
0x929b,2748,兆,츰
0x929c,2749,凋,츱
0x929d,2750,喋,츳
0x929e,2751,寵,층
0x929f,2752,帖,치
0x92a0,2753,帳,칙
0x92a1,2754,庁,친
0x92a2,2755,弔,칟
0x92a3,2756,張,칠
0x92a4,2757,彫,칡
0x92a5,2758,徴,침
0x92a6,2759,懲,칩
0x92a7,2760,挑,칫
0x92a8,2761,暢,칭
0x92a9,2762,朝,카
0x92aa,2763,潮,칵
0x92ab,2764,牒,칸
0x92ac,2765,町,칼
0x92ad,2766,眺,캄
0x92ae,2767,聴,캅
0x92af,2768,脹,캇
0x92b0,2769,腸,캉
0x92b1,2770,蝶,캐
0x92b2,2771,調,캑
0x92b3,2772,諜,캔
0x92b4,2773,超,캘
0x92b5,2774,跳,캠
0x92b6,2775,銚,캡
0x92b7,2776,長,캣
0x92b8,2777,頂,캤
0x92b9,2778,鳥,캥
0x92ba,2779,勅,캬
0x92bb,2780,捗,캭
0x92bc,2781,直,컁
0x92bd,2782,朕,커
0x92be,2783,沈,컥
0x92bf,2784,珍,컨
0x92c0,2785,賃,컫
0x92c1,2786,鎮,컬
0x92c2,2787,陳,컴
0x92c3,2788,津,컵
0x92c4,2789,墜,컷
0x92c5,2790,椎,컸
0x92c6,2791,槌,컹
0x92c7,2792,追,케
0x92c8,2793,鎚,켁
0x92c9,2794,痛,켄
0x92ca,2795,通,켈
0x92cb,2796,塚,켐
0x92cc,2797,栂,켑
0x92cd,2798,掴,켓
0x92ce,2799,槻,켕
0x92cf,2800,佃,켜
0x92d0,2801,漬,켠
0x92d1,2802,柘,켤
0x92d2,2803,辻,켬
0x92d3,2804,蔦,켭
0x92d4,2805,綴,켯
0x92d5,2806,鍔,켰
0x92d6,2807,椿,켱
0x92d7,2808,潰,켸
0x92d8,2809,坪,코
0x92d9,2810,壷,콕
0x92da,2811,嬬,콘
0x92db,2812,紬,콜
0x92dc,2813,爪,콤
0x92dd,2814,吊,콥
0x92de,2815,釣,콧
0x92df,2816,鶴,콩
0x92e0,2817,亭,콰
0x92e1,2818,低,콱
0x92e2,2819,停,콴
0x92e3,2820,偵,콸
0x92e4,2821,剃,쾀
0x92e5,2822,貞,쾅
0x92e6,2823,呈,쾌
0x92e7,2824,堤,쾡
0x92e8,2825,定,쾨
0x92e9,2826,帝,쾰
0x92ea,2827,底,쿄
0x92eb,2828,庭,쿠
0x92ec,2829,廷,쿡
0x92ed,2830,弟,쿤
0x92ee,2831,悌,쿨
0x92ef,2832,抵,쿰
0x92f0,2833,挺,쿱
0x92f1,2834,提,쿳
0x92f2,2835,梯,쿵
0x92f3,2836,汀,쿼
0x92f4,2837,碇,퀀
0x92f5,2838,禎,퀄
0x92f6,2839,程,퀑
0x92f7,2840,締,퀘
0x92f8,2841,艇,퀭
0x92f9,2842,訂,퀴
0x92fa,2843,諦,퀵
0x92fb,2844,蹄,퀸
0x92fc,2845,逓,퀼
0x9340,2846,邸,큄
0x9341,2847,鄭,큅
0x9342,2848,釘,큇
0x9343,2849,鼎,큉
0x9344,2850,泥,큐
0x9345,2851,摘,큔
0x9346,2852,擢,큘
0x9347,2853,敵,큠
0x9348,2854,滴,크
0x9349,2855,的,큭
0x934a,2856,笛,큰
0x934b,2857,適,클
0x934c,2858,鏑,큼
0x934d,2859,溺,큽
0x934e,2860,哲,킁
0x934f,2861,徹,키
0x9350,2862,撤,킥
0x9351,2863,轍,킨
0x9352,2864,迭,킬
0x9353,2865,鉄,킴
0x9354,2866,典,킵
0x9355,2867,填,킷
0x9356,2868,天,킹
0x9357,2869,展,타
0x9358,2870,店,탁
0x9359,2871,添,탄
0x935a,2872,纏,탈
0x935b,2873,甜,탉
0x935c,2874,貼,탐
0x935d,2875,転,탑
0x935e,2876,顛,탓
0x935f,2877,点,탔
0x9360,2878,伝,탕
0x9361,2879,殿,태
0x9362,2880,澱,택
0x9363,2881,田,탠
0x9364,2882,電,탤
0x9365,2883,兎,탬
0x9366,2884,吐,탭
0x9367,2885,堵,탯
0x9368,2886,塗,탰
0x9369,2887,妬,탱
0x936a,2888,屠,탸
0x936b,2889,徒,턍
0x936c,2890,斗,터
0x936d,2891,杜,턱
0x936e,2892,渡,턴
0x936f,2893,登,털
0x9370,2894,菟,턺
0x9371,2895,賭,텀
0x9372,2896,途,텁
0x9373,2897,都,텃
0x9374,2898,鍍,텄
0x9375,2899,砥,텅
0x9376,2900,砺,테
0x9377,2901,努,텍
0x9378,2902,度,텐
0x9379,2903,土,텔
0x937a,2904,奴,템
0x937b,2905,怒,텝
0x937c,2906,倒,텟
0x937d,2907,党,텡
0x937e,2908,冬,텨
0x9380,2909,凍,텬
0x9381,2910,刀,텼
0x9382,2911,唐,톄
0x9383,2912,塔,톈
0x9384,2913,塘,토
0x9385,2914,套,톡
0x9386,2915,宕,톤
0x9387,2916,島,톨
0x9388,2917,嶋,톰
0x9389,2918,悼,톱
0x938a,2919,投,톳
0x938b,2920,搭,통
0x938c,2921,東,톺
0x938d,2922,桃,톼
0x938e,2923,梼,퇀
0x938f,2924,棟,퇘
0x9390,2925,盗,퇴
0x9391,2926,淘,퇸
0x9392,2927,湯,툇
0x9393,2928,涛,툉
0x9394,2929,灯,툐
0x9395,2930,燈,투
0x9396,2931,当,툭
0x9397,2932,痘,툰
0x9398,2933,祷,툴
0x9399,2934,等,툼
0x939a,2935,答,툽
0x939b,2936,筒,툿
0x939c,2937,糖,퉁
0x939d,2938,統,퉈
0x939e,2939,到,퉜
0x939f,2940,董,퉤
0x93a0,2941,蕩,튀
0x93a1,2942,藤,튁
0x93a2,2943,討,튄
0x93a3,2944,謄,튈
0x93a4,2945,豆,튐
0x93a5,2946,踏,튑
0x93a6,2947,逃,튕
0x93a7,2948,透,튜
0x93a8,2949,鐙,튠
0x93a9,2950,陶,튤
0x93aa,2951,頭,튬
0x93ab,2952,騰,튱
0x93ac,2953,闘,트
0x93ad,2954,働,특
0x93ae,2955,動,튼
0x93af,2956,同,튿
0x93b0,2957,堂,틀
0x93b1,2958,導,틂
0x93b2,2959,憧,틈
0x93b3,2960,撞,틉
0x93b4,2961,洞,틋
0x93b5,2962,瞳,틔
0x93b6,2963,童,틘
0x93b7,2964,胴,틜
0x93b8,2965,萄,틤
0x93b9,2966,道,틥
0x93ba,2967,銅,티
0x93bb,2968,峠,틱
0x93bc,2969,鴇,틴
0x93bd,2970,匿,틸
0x93be,2971,得,팀
0x93bf,2972,徳,팁
0x93c0,2973,涜,팃
0x93c1,2974,特,팅
0x93c2,2975,督,파
0x93c3,2976,禿,팍
0x93c4,2977,篤,팎
0x93c5,2978,毒,판
0x93c6,2979,独,팔
0x93c7,2980,読,팖
0x93c8,2981,栃,팜
0x93c9,2982,橡,팝
0x93ca,2983,凸,팟
0x93cb,2984,突,팠
0x93cc,2985,椴,팡
0x93cd,2986,届,팥
0x93ce,2987,鳶,패
0x93cf,2988,苫,팩
0x93d0,2989,寅,팬
0x93d1,2990,酉,팰
0x93d2,2991,瀞,팸
0x93d3,2992,噸,팹
0x93d4,2993,屯,팻
0x93d5,2994,惇,팼
0x93d6,2995,敦,팽
0x93d7,2996,沌,퍄
0x93d8,2997,豚,퍅
0x93d9,2998,遁,퍼
0x93da,2999,頓,퍽
0x93db,3000,呑,펀
0x93dc,3001,曇,펄
0x93dd,3002,鈍,펌
0x93de,3003,奈,펍
0x93df,3004,那,펏
0x93e0,3005,内,펐
0x93e1,3006,乍,펑
0x93e2,3007,凪,페
0x93e3,3008,薙,펙
0x93e4,3009,謎,펜
0x93e5,3010,灘,펠
0x93e6,3011,捺,펨
0x93e7,3012,鍋,펩
0x93e8,3013,楢,펫
0x93e9,3014,馴,펭
0x93ea,3015,縄,펴
0x93eb,3016,畷,편
0x93ec,3017,南,펼
0x93ed,3018,楠,폄
0x93ee,3019,軟,폅
0x93ef,3020,難,폈
0x93f0,3021,汝,평
0x93f1,3022,二,폐
0x93f2,3023,尼,폘
0x93f3,3024,弐,폡
0x93f4,3025,迩,폣
0x93f5,3026,匂,포
0x93f6,3027,賑,폭
0x93f7,3028,肉,폰
0x93f8,3029,虹,폴
0x93f9,3030,廿,폼
0x93fa,3031,日,폽
0x93fb,3032,乳,폿
0x93fc,3033,入,퐁
0x9440,3034,如,퐈
0x9441,3035,尿,퐝
0x9442,3036,韮,푀
0x9443,3037,任,푄
0x9444,3038,妊,표
0x9445,3039,忍,푠
0x9446,3040,認,푤
0x9447,3041,濡,푭
0x9448,3042,禰,푯
0x9449,3043,祢,푸
0x944a,3044,寧,푹
0x944b,3045,葱,푼
0x944c,3046,猫,푿
0x944d,3047,熱,풀
0x944e,3048,年,풂
0x944f,3049,念,품
0x9450,3050,捻,풉
0x9451,3051,撚,풋
0x9452,3052,燃,풍
0x9453,3053,粘,풔
0x9454,3054,乃,풩
0x9455,3055,廼,퓌
0x9456,3056,之,퓐
0x9457,3057,埜,퓔
0x9458,3058,嚢,퓜
0x9459,3059,悩,퓟
0x945a,3060,濃,퓨
0x945b,3061,納,퓬
0x945c,3062,能,퓰
0x945d,3063,脳,퓸
0x945e,3064,膿,퓻
0x945f,3065,農,퓽
0x9460,3066,覗,프
0x9461,3067,蚤,픈
0x9462,3068,巴,플
0x9463,3069,把,픔
0x9464,3070,播,픕
0x9465,3071,覇,픗
0x9466,3072,杷,피
0x9467,3073,波,픽
0x9468,3074,派,핀
0x9469,3075,琶,필
0x946a,3076,破,핌
0x946b,3077,婆,핍
0x946c,3078,罵,핏
0x946d,3079,芭,핑
0x946e,3080,馬,하
0x946f,3081,俳,학
0x9470,3082,廃,한
0x9471,3083,拝,할
0x9472,3084,排,핥
0x9473,3085,敗,함
0x9474,3086,杯,합
0x9475,3087,盃,핫
0x9476,3088,牌,항
0x9477,3089,背,해
0x9478,3090,肺,핵
0x9479,3091,輩,핸
0x947a,3092,配,핼
0x947b,3093,倍,햄
0x947c,3094,培,햅
0x947d,3095,媒,햇
0x947e,3096,梅,했
0x9480,3097,楳,행
0x9481,3098,煤,햐
0x9482,3099,狽,향
0x9483,3100,買,허
0x9484,3101,売,헉
0x9485,3102,賠,헌
0x9486,3103,陪,헐
0x9487,3104,這,헒
0x9488,3105,蝿,험
0x9489,3106,秤,헙
0x948a,3107,矧,헛
0x948b,3108,萩,헝
0x948c,3109,伯,헤
0x948d,3110,剥,헥
0x948e,3111,博,헨
0x948f,3112,拍,헬
0x9490,3113,柏,헴
0x9491,3114,泊,헵
0x9492,3115,白,헷
0x9493,3116,箔,헹
0x9494,3117,粕,혀
0x9495,3118,舶,혁
0x9496,3119,薄,현
0x9497,3120,迫,혈
0x9498,3121,曝,혐
0x9499,3122,漠,협
0x949a,3123,爆,혓
0x949b,3124,縛,혔
0x949c,3125,莫,형
0x949d,3126,駁,혜
0x949e,3127,麦,혠
0x949f,3128,函,혤
0x94a0,3129,箱,혭
0x94a1,3130,硲,호
0x94a2,3131,箸,혹
0x94a3,3132,肇,혼
0x94a4,3133,筈,홀
0x94a5,3134,櫨,홅
0x94a6,3135,幡,홈
0x94a7,3136,肌,홉
0x94a8,3137,畑,홋
0x94a9,3138,畠,홍
0x94aa,3139,八,홑
0x94ab,3140,鉢,화
0x94ac,3141,溌,확
0x94ad,3142,発,환
0x94ae,3143,醗,활
0x94af,3144,髪,홧
0x94b0,3145,伐,황
0x94b1,3146,罰,홰
0x94b2,3147,抜,홱
0x94b3,3148,筏,홴
0x94b4,3149,閥,횃
0x94b5,3150,鳩,횅
0x94b6,3151,噺,회
0x94b7,3152,塙,획
0x94b8,3153,蛤,횐
0x94b9,3154,隼,횔
0x94ba,3155,伴,횝
0x94bb,3156,判,횟
0x94bc,3157,半,횡
0x94bd,3158,反,효
0x94be,3159,叛,횬
0x94bf,3160,帆,횰
0x94c0,3161,搬,횹
0x94c1,3162,斑,횻
0x94c2,3163,板,후
0x94c3,3164,氾,훅
0x94c4,3165,汎,훈
0x94c5,3166,版,훌
0x94c6,3167,犯,훑
0x94c7,3168,班,훔
0x94c8,3169,畔,훗
0x94c9,3170,繁,훙
0x94ca,3171,般,훠
0x94cb,3172,藩,훤
0x94cc,3173,販,훨
0x94cd,3174,範,훰
0x94ce,3175,釆,훵
0x94cf,3176,煩,훼
0x94d0,3177,頒,훽
0x94d1,3178,飯,휀
0x94d2,3179,挽,휄
0x94d3,3180,晩,휑
0x94d4,3181,番,휘
0x94d5,3182,盤,휙
0x94d6,3183,磐,휜
0x94d7,3184,蕃,휠
0x94d8,3185,蛮,휨
0x94d9,3186,匪,휩
0x94da,3187,卑,휫
0x94db,3188,否,휭
0x94dc,3189,妃,휴
0x94dd,3190,庇,휵
0x94de,3191,彼,휸
0x94df,3192,悲,휼
0x94e0,3193,扉,흄
0x94e1,3194,批,흇
0x94e2,3195,披,흉
0x94e3,3196,斐,흐
0x94e4,3197,比,흑
0x94e5,3198,泌,흔
0x94e6,3199,疲,흖
0x94e7,3200,皮,흗
0x94e8,3201,碑,흘
0x94e9,3202,秘,흙
0x94ea,3203,緋,흠
0x94eb,3204,罷,흡
0x94ec,3205,肥,흣
0x94ed,3206,被,흥
0x94ee,3207,誹,흩
0x94ef,3208,費,희
0x94f0,3209,避,흰
0x94f1,3210,非,흴
0x94f2,3211,飛,흼
0x94f3,3212,樋,흽
0x94f4,3213,簸,힁
0x94f5,3214,備,히
0x94f6,3215,尾,힉
0x94f7,3216,微,힌
0x94f8,3217,枇,힐
0x94f9,3218,毘,힘
0x94fa,3219,琵,힙
0x94fb,3220,眉,힛
0x94fc,3221,美,힝
0x9540,3222,鼻,갋
0x9541,3223,柊,갣
0x9542,3224,稗,걥
0x9543,3225,匹,겂
0x9544,3226,疋,겍
0x9545,3227,髭,겷
0x9546,3228,彦,겿
0x9547,3229,膝,곘
0x9548,3230,菱,곹
0x9549,3231,肘,괐
0x954a,3232,弼,괒
0x954b,3233,必,괾
0x954c,3234,畢,굠
0x954d,3235,筆,굥
0x954e,3236,逼,궃
0x954f,3237,桧,궸
0x9550,3238,姫,귕
0x9551,3239,媛,귬
0x9552,3240,紐,귭
0x9553,3241,百,긂
0x9554,3242,謬,긇
0x9555,3243,俵,긏
0x9556,3244,彪,긑
0x9557,3245,標,긓
0x9558,3246,氷,긘
0x9559,3247,漂,긩
0x955a,3248,瓢,깄
0x955b,3249,票,깯
0x955c,3250,表,꺆
0x955d,3251,評,꺍
0x955e,3252,豹,꺠
0x955f,3253,廟,꺤
0x9560,3254,描,껓
0x9561,3255,病,껕
0x9562,3256,秒,초
0x9563,3257,苗,꼳
0x9564,3258,錨,꽅
0x9565,3259,鋲,꽌
0x9566,3260,蒜,꽨
0x9567,3261,蛭,꽸
0x9568,3262,鰭,꿏
0x9569,3263,品,꿘
0x956a,3264,彬,뀰
0x956b,3265,斌,뀼
0x956c,3266,浜,끠
0x956d,3267,瀕,끤
0x956e,3268,貧,낐
0x956f,3269,賓,낻
0x9570,3270,頻,냗
0x9571,3271,敏,냡
0x9572,3272,瓶,냣
0x9573,3273,不,냬
0x9574,3274,付,넏
0x9575,3275,埠,넑
0x9576,3276,夫,넢
0x9577,3277,婦,넫
0x9578,3278,富,넾
0x9579,3279,冨,녇
0x957a,3280,布,녱
0x957b,3281,府,놁
0x957c,3282,怖,놑
0x957d,3283,扶,놥
0x957e,3284,敷,놰
0x9580,3285,斧,뇄
0x9581,3286,普,뇍
0x9582,3287,浮,뇡
0x9583,3288,父,뇸
0x9584,3289,符,눍
0x9585,3290,腐,눝
0x9586,3291,膚,뉻
0x9587,3292,芙,늗
0x9588,3293,譜,늧
0x9589,3294,負,늫
0x958a,3295,賦,늼
0x958b,3296,赴,늿
0x958c,3297,阜,닁
0x958d,3298,附,닏
0x958e,3299,侮,닞
0x958f,3300,撫,닠
0x9590,3301,武,닽
0x9591,3302,舞,댖
0x9592,3303,葡,댠
0x9593,3304,蕪,댱
0x9594,3305,部,덯
0x9595,3306,封,됏
0x9596,3307,楓,됬
0x9597,3308,風,됭
0x9598,3309,葺,둗
0x9599,3310,蕗,둚
0x959a,3311,伏,뒙
0x959b,3312,副,뒸
0x959c,3313,復,듥
0x959d,3314,幅,듧
0x959e,3315,服,딷
0x959f,3316,福,딀
0x95a0,3317,腹,딫
0x95a1,3318,複,딮
0x95a2,3319,覆,딲
0x95a3,3320,淵,딿
0x95a4,3321,弗,떄
0x95a5,3322,払,떈
0x95a6,3323,沸,떔
0x95a7,3324,仏,떙
0x95a8,3325,物,똠
0x95a9,3326,鮒,똡
0x95aa,3327,分,분
0x95ab,3328,吻,똭
0x95ac,3329,噴,똰
0x95ad,3330,墳,똵
0x95ae,3331,憤,똿
0x95af,3332,扮,뚧
0x95b0,3333,焚,뚯
0x95b1,3334,奮,뚸
0x95b2,3335,粉,뜄
0x95b3,3336,糞,뜌
0x95b4,3337,紛,뜳
0x95b5,3338,雰,뜽
0x95b6,3339,文,뜾
0x95b7,3340,聞,띃
0x95b8,3341,丙,띡
0x95b9,3342,併,랃
0x95ba,3343,兵,랟
0x95bb,3344,塀,랰
0x95bc,3345,幣,랲
0x95bd,3346,平,럅
0x95be,3347,弊,럐
0x95bf,3348,柄,럔
0x95c0,3349,並,럲
0x95c1,3350,蔽,럳
0x95c2,3351,閉,렜
0x95c3,3352,陛,렫
0x95c4,3353,米,롣
0x95c5,3354,頁,롹
0x95c6,3355,僻,뢔
0x95c7,3356,壁,뤈
0x95c8,3357,癖,뤤
0x95c9,3358,碧,릏
0x95ca,3359,別,릐
0x95cb,3360,瞥,릔
0x95cc,3361,蔑,맀
0x95cd,3362,箆,맆
0x95ce,3363,偏,맔
0x95cf,3364,変,맜
0x95d0,3365,片,맟
0x95d1,3366,篇,맢
0x95d2,3367,編,맫
0x95d3,3368,辺,맻
0x95d4,3369,返,먵
0x95d5,3370,遍,먄
0x95d6,3371,便,먐
0x95d7,3372,勉,멌
0x95d8,3373,娩,멛
0x95d9,3374,弁,멫
0x95da,3375,鞭,멷
0x95db,3376,保,몐
0x95dc,3377,舗,몯
0x95dd,3378,鋪,몱
0x95de,3379,圃,뫠
0x95df,3380,捕,뫴
0x95e0,3381,歩,묌
0x95e1,3382,甫,뭤
0x95e2,3383,補,뭥
0x95e3,3384,輔,뮊
0x95e4,3385,穂,뮙
0x95e5,3386,募,뮛
0x95e6,3387,墓,뮹
0x95e7,3388,慕,믁
0x95e8,3389,戊,믑
0x95e9,3390,暮,믕
0x95ea,3391,母,믜
0x95eb,3392,簿,믠
0x95ec,3393,菩,믭
0x95ed,3394,倣,믱
0x95ee,3395,俸,밣
0x95ef,3396,包,밨
0x95f0,3397,呆,밫
0x95f1,3398,報,밲
0x95f2,3399,奉,밷
0x95f3,3400,宝,뱜
0x95f4,3401,峰,뱟
0x95f5,3402,峯,뱡
0x95f6,3403,崩,벘
0x95f7,3404,庖,벝
0x95f8,3405,抱,벟
0x95f9,3406,捧,볌
0x95fa,3407,放,볓
0x95fb,3408,方,볻
0x95fc,3409,朋,볽
0x9640,3410,法,볾
0x9641,3411,泡,볿
0x9642,3412,烹,봣
0x9643,3413,砲,봥
0x9644,3414,縫,뵜
0x9645,3415,胞,뵴
0x9646,3416,芳,붔
0x9647,3417,萌,붝
0x9648,3418,蓬,붠
0x9649,3419,蜂,붭
0x964a,3420,褒,붴
0x964b,3421,訪,뷇
0x964c,3422,豊,뷥
0x964d,3423,邦,븁
0x964e,3424,鋒,븕
0x964f,3425,飽,븡
0x9650,3426,鳳,븨
0x9651,3427,鵬,븩
0x9652,3428,乏,븰
0x9653,3429,亡,븽
0x9654,3430,傍,빋
0x9655,3431,剖,빘
0x9656,3432,坊,빧
0x9657,3433,妨,빩
0x9658,3434,帽,빾
0x9659,3435,忘,뺜
0x965a,3436,忙,뻙
0x965b,3437,房,뻰
0x965c,3438,暴,뼌
0x965d,3439,望,뽓
0x965e,3440,某,뾱
0x965f,3441,棒,뿕
0x9660,3442,冒,뿝
0x9661,3443,紡,쀠
0x9662,3444,肪,쁭
0x9663,3445,膨,샆
0x9664,3446,謀,샏
0x9665,3447,貌,샾
0x9666,3448,貿,섁
0x9667,3449,鉾,섿
0x9668,3450,防,셑
0x9669,3451,吠,셱
0x966a,3452,頬,솀
0x966b,3453,北,솁
0x966c,3454,僕,솓
0x966d,3455,卜,쇴
0x966e,3456,墨,쇵
0x966f,3457,撲,숖
0x9670,3458,朴,슌
0x9671,3459,牧,슫
0x9672,3460,睦,슲
0x9673,3461,穆,싀
0x9674,3462,釦,싁
0x9675,3463,勃,싥
0x9676,3464,没,싰
0x9677,3465,殆,싳
0x9678,3466,堀,싿
0x9679,3467,幌,쌰
0x967a,3468,奔,쌱
0x967b,3469,本,쎂
0x967c,3470,翻,쎅
0x967d,3471,凡,쎔
0x967e,3472,盆,쎠
0x9680,3473,摩,쎤
0x9681,3474,磨,쎵
0x9682,3475,魔,쎼
0x9683,3476,麻,쏚
0x9684,3477,埋,쏼
0x9685,3478,妹,쐋
0x9686,3479,昧,쑀
0x9687,3480,枚,쑝
0x9688,3481,毎,쒐
0x9689,3482,哩,쒠
0x968a,3483,槙,쒬
0x968b,3484,幕,쓔
0x968c,3485,膜,씃
0x968d,3486,枕,씫
0x968e,3487,鮪,씼
0x968f,3488,柾,씿
0x9690,3489,鱒,앋
0x9691,3490,桝,앏
0x9692,3491,亦,앜
0x9693,3492,俣,얐
0x9694,3493,又,얬
0x9695,3494,抹,얭
0x9696,3495,末,얺
0x9697,3496,沫,엏
0x9698,3497,迄,엤
0x9699,3498,侭,옏
0x969a,3499,繭,옝
0x969b,3500,麿,옦
0x969c,3501,万,옫
0x969d,3502,慢,옯
0x969e,3503,満,왎
0x969f,3504,漫,왘
0x96a0,3505,蔓,왭
0x96a1,3506,味,왰
0x96a2,3507,未,욌
0x96a3,3508,魅,욷
0x96a4,3509,巳,웂
0x96a5,3510,箕,웇
0x96a6,3511,岬,웟
0x96a7,3512,密,웻
0x96a8,3513,蜜,윘
0x96a9,3514,湊,윾
0x96aa,3515,蓑,읃
0x96ab,3516,稔,읇
0x96ac,3517,脈,읎
0x96ad,3518,妙,읩
0x96ae,3519,粍,읬
0x96af,3520,民,읭
0x96b0,3521,眠,읻
0x96b1,3522,務,잌
0x96b2,3523,夢,잍
0x96b3,3524,無,쟵
0x96b4,3525,牟,젂
0x96b5,3526,矛,젇
0x96b6,3527,霧,젉
0x96b7,3528,鵡,젋
0x96b8,3529,椋,젔
0x96b9,3530,婿,젹
0x96ba,3531,娘,졂
0x96bb,3532,冥,졋
0x96bc,3533,名,좐
0x96bd,3534,命,좦
0x96be,3535,明,좬
0x96bf,3536,盟,죅
0x96c0,3537,迷,쥭
0x96c1,3538,銘,즁
0x96c2,3539,鳴,즒
0x96c3,3540,姪,즤
0x96c4,3541,牝,짔
0x96c5,3542,滅,짗
0x96c6,3543,免,짣
0x96c7,3544,棉,짲
0x96c8,3545,綿,쨤
0x96c9,3546,緬,쨰
0x96ca,3547,面,쩰
0x96cb,3548,麺,쫃
0x96cc,3549,摸,쫒
0x96cd,3550,模,쫜
0x96ce,3551,茂,쬧
0x96cf,3552,妄,쬬
0x96d0,3553,孟,쬭
0x96d1,3554,毛,쬲
0x96d2,3555,猛,쭛
0x96d3,3556,盲,쮀
0x96d4,3557,網,쮓
0x96d5,3558,耗,쯍
0x96d6,3559,蒙,쯕
0x96d7,3560,儲,찓
0x96d8,3561,木,찟
0x96d9,3562,黙,찦
0x96da,3563,目,찿
0x96db,3564,杢,쳊
0x96dc,3565,勿,쳡
0x96dd,3566,餅,쳥
0x96de,3567,尤,촣
0x96df,3568,戻,촥
0x96e0,3569,籾,촵
0x96e1,3570,貰,쵀
0x96e2,3571,問,췍
0x96e3,3572,悶,췔
0x96e4,3573,紋,츅
0x96e5,3574,門,츩
0x96e6,3575,匁,츼
0x96e7,3576,也,칢
0x96e8,3577,冶,칬
0x96e9,3578,夜,칮
0x96ea,3579,爺,칰
0x96eb,3580,耶,칻
0x96ec,3581,野,캨
0x96ed,3582,弥,캰
0x96ee,3583,矢,컄
0x96ef,3584,厄,컽
0x96f0,3585,役,켔
0x96f1,3586,約,켘
0x96f2,3587,薬,켙
0x96f3,3588,訳,콛
0x96f4,3589,躍,쾃
0x96f5,3590,靖,쿈
0x96f6,3591,柳,쿽
0x96f7,3592,薮,퀌
0x96f8,3593,鑓,퀜
0x96f9,3594,愉,퀠
0x96fa,3595,愈,큲
0x96fb,3596,油,킄
0x96fc,3597,癒,킈
0x9740,3598,諭,킸
0x9741,3599,輸,탇
0x9742,3600,唯,턔
0x9743,3601,佑,턻
0x9744,3602,優,텦
0x9745,3603,勇,텰
0x9746,3604,友,텻
0x9747,3605,宥,톧
0x9748,3606,幽,퇻
0x9749,3607,悠,툥
0x974a,3608,憂,툶
0x974b,3609,揖,퉷
0x974c,3610,有,틍
0x974d,3611,柚,틑
0x974e,3612,湧,팑
0x974f,3613,涌,팓
0x9750,3614,猶,팤
0x9751,3615,猷,팯
0x9752,3616,由,퍝
0x9753,3617,祐,펖
0x9754,3618,裕,펵
0x9755,3619,誘,폔
0x9756,3620,遊,퐅
0x9757,3621,邑,퐉
0x9758,3622,郵,픙
0x9759,3623,雄,픠
0x975a,3624,融,픵
0x975b,3625,夕,핐
0x975c,3626,予,핤
0x975d,3627,余,핰
0x975e,3628,与,핳
0x975f,3629,誉,핻
0x9760,3630,輿,햋
0x9761,3631,預,햏
0x9762,3632,傭,햔
0x9763,3633,幼,햣
0x9764,3634,妖,햬
0x9765,3635,容,헀
0x9766,3636,庸,헗
0x9767,3637,揚,헠
0x9768,3638,揺,헡
0x9769,3639,擁,헣
0x976a,3640,曜,헸
0x976b,3641,楊,헿
0x976c,3642,様,홥
0x976d,3643,洋,홨
0x976e,3644,溶,횽
0x976f,3645,熔,훍
0x9770,3646,用,훐
0x9771,3647,窯,훓
0x9772,3648,羊,훕
0x9773,3649,耀,흝
0x9774,3650,葉,힜
0x9775,3651,蓉,힣
0x9776,3652,要,，
0x9777,3653,謡,．
